"Variables ->","GDP","CPI_U","S","RS","GDP_RW","CPI_RW","RS_RW","D4L_CPI_TAR","CPI","L_CPI","L_CPI_RW","L_CPI_U","L_GDP","L_GDP_RW","L_S","L_Z","DLA_CPI","DLA_CPI_RW","DLA_CPI_U","DLA_GDP","DLA_GDP_RW","DLA_S","DLA_Z","D4L_CPI","D4L_CPI_RW","D4L_CPI_U","D4L_GDP","D4L_GDP_RW","D4L_S","D4L_Z","RR","RR_RW","RR_BAR","RR_GAP","L_Z_BAR","L_Z_GAP","RR_RW_BAR","RR_RW_GAP","DLA_Z_BAR","L_GDP_GAP","L_GDP_BAR","DLA_GDP_BAR","L_GDP_RW_BAR_PURE","L_GDP_RW_GAP_PURE","L_GDP_RW_BAR","L_GDP_RW_GAP"
"Comments ->","Real GDP (SWDA,in constant prices,base=2010) Source: Statistical Office","Headline CPI (NSA,index) Source: Central Bank","Nominal Exchange Rate (LCY per 1 EUR) Source: Central Bank","Nominal Policy Interest Rate (% pa) Source: Central Bank","EA19 Real GDP (SWDA,in constant prices,base=2010) Source: Statistical Office of the European Communities","Euro Area: Harmonized Indexes of Cosumer Prices (SWDA,2015=100) Source: European Central Bank","Euro Area 3-month deposits [EURIBOR] (% pa) Source: European Central Bank","Inflation Target (% pa) Source: Central Bank","Headline CPI (NSA,index) Source: Central Bank","Headline CPI (NSA,index) Source: Central Bank","Euro Area: Harmonized Indexes of Cosumer Prices (SWDA,2015=100) Source: European Central Bank","Headline CPI (NSA,index) Source: Central Bank","Real GDP (SWDA,in constant prices,base=2010) Source: Statistical Office","EA19 Real GDP (SWDA,in constant prices,base=2010) Source: Statistical Office of the European Communities","Nominal Exchange Rate (LCY per 1 EUR) Source: Central Bank","","Headline CPI (NSA,index) Source: Central Bank","Euro Area: Harmonized Indexes of Cosumer Prices (SWDA,2015=100) Source: European Central Bank","Headline CPI (NSA,index) Source: Central Bank","Real GDP (SWDA,in constant prices,base=2010) Source: Statistical Office","EA19 Real GDP (SWDA,in constant prices,base=2010) Source: Statistical Office of the European Communities","Nominal Exchange Rate (LCY per 1 EUR) Source: Central Bank","","Headline CPI (NSA,index) Source: Central Bank","Euro Area: Harmonized Indexes of Cosumer Prices (SWDA,2015=100) Source: European Central Bank","Headline CPI (NSA,index) Source: Central Bank","Real GDP (SWDA,in constant prices,base=2010) Source: Statistical Office","EA19 Real GDP (SWDA,in constant prices,base=2010) Source: Statistical Office of the European Communities","Nominal Exchange Rate (LCY per 1 EUR) Source: Central Bank","","","","","","","","","","","Real GDP (SWDA,in constant prices,base=2010) Source: Statistical Office","Real GDP (SWDA,in constant prices,base=2010) Source: Statistical Office","","EA19 Real GDP (SWDA,in constant prices,base=2010) Source: Statistical Office of the European Communities","EA19 Real GDP (SWDA,in constant prices,base=2010) Source: Statistical Office of the European Communities","EA19 Real GDP (SWDA,in constant prices,base=2010) Source: Statistical Office of the European Communities","EA19 Real GDP (SWDA,in constant prices,base=2010) Source: Statistical Office of the European Communities"
"Class[Size] ->","tseries[73-by-1]","tseries[73-by-1]","tseries[73-by-1]","tseries[73-by-1]","tseries[73-by-1]","tseries[73-by-1]","tseries[73-by-1]","tseries[73-by-1]","tseries[73-by-1]","tseries[73-by-1]","tseries[73-by-1]","tseries[73-by-1]","tseries[73-by-1]","tseries[73-by-1]","tseries[73-by-1]","tseries[73-by-1]","tseries[73-by-1]","tseries[73-by-1]","tseries[73-by-1]","tseries[73-by-1]","tseries[73-by-1]","tseries[73-by-1]","tseries[73-by-1]","tseries[73-by-1]","tseries[73-by-1]","tseries[73-by-1]","tseries[73-by-1]","tseries[73-by-1]","tseries[73-by-1]","tseries[73-by-1]","tseries[73-by-1]","tseries[73-by-1]","tseries[73-by-1]","tseries[73-by-1]","tseries[73-by-1]","tseries[73-by-1]","tseries[73-by-1]","tseries[73-by-1]","tseries[73-by-1]","tseries[73-by-1]","tseries[73-by-1]","tseries[73-by-1]","tseries[73-by-1]","tseries[73-by-1]","tseries[73-by-1]","tseries[73-by-1]"
"1996Q1",6.02673000e+05,5.58500000e+01,3.49600000e+01,1.08600000e+01,1.66413780e+06,8.41000000e+01,5.63000000e+00,8.91000000e+00,5.56344579e+01,4.01880276e+02,4.43200657e+02,4.02266953e+02,1.33091300e+03,1.43248177e+03,3.55420455e+02,3.96740836e+02,NaN,NaN,NaN,NaN,NaN,NaN,NaN,NaN,NaN,NaN,NaN,NaN,NaN,NaN,NaN,NaN,NaN,NaN,3.95240663e+02,1.50017324e+00,NaN,NaN,NaN,1.21974124e+00,1.33155506e+03,NaN,1.43243918e+03,4.25921302e-02,1.43244704e+03,3.47272453e-02
"1996Q2",6.08307000e+05,5.68600000e+01,3.45800000e+01,1.18200000e+01,1.67695350e+06,8.45600000e+01,5.14000000e+00,8.76000000e+00,5.70809047e+01,4.04446964e+02,4.43746134e+02,4.04059211e+02,1.33184350e+03,1.43324893e+03,3.54327548e+02,3.93626718e+02,1.02667549e+01,2.18190983e+00,7.16903228e+00,3.72197106e+00,3.06864116e+00,-4.37162821e+00,-1.24564733e+01,NaN,NaN,NaN,NaN,NaN,NaN,NaN,NaN,NaN,NaN,NaN,3.94107381e+02,-4.80662841e-01,NaN,NaN,-4.53312895e+00,1.52177006e+00,1.33189886e+03,1.37520445e+00,1.43312944e+03,1.19493243e-01,1.43313675e+03,1.12180813e-01
"1996Q3",6.10673000e+05,5.79300000e+01,3.38700000e+01,1.26900000e+01,1.68623540e+06,8.47800000e+01,5.00000000e+00,8.60000000e+00,5.77733460e+01,4.05652753e+02,4.44005967e+02,4.05923539e+02,1.33223169e+03,1.43380090e+03,3.52252967e+02,3.90606181e+02,4.82315362e+00,1.03932975e+00,7.45731155e+00,1.55277558e+00,2.20788635e+00,-8.29832537e+00,-1.20821492e+01,NaN,NaN,NaN,NaN,NaN,NaN,NaN,NaN,NaN,NaN,NaN,3.92975036e+02,-2.36885552e+00,NaN,NaN,-4.52937852e+00,1.54062083e+00,1.33222067e+03,1.28723312e+00,1.43381972e+03,-1.88209683e-02,1.43382648e+03,-2.55760267e-02
"1996Q4",6.10665000e+05,5.86700000e+01,3.42500000e+01,1.26900000e+01,1.69108960e+06,8.51500000e+01,4.59000000e+00,8.45000000e+00,5.88318707e+01,4.07468373e+02,4.44441441e+02,4.07192852e+02,1.33223038e+03,1.43408836e+03,3.53368656e+02,3.90341724e+02,7.26248006e+00,1.74189647e+00,5.07725513e+00,-5.24015465e-03,1.14983387e+00,4.46275915e+00,-1.05782443e+00,NaN,NaN,NaN,NaN,NaN,NaN,NaN,NaN,NaN,NaN,NaN,3.91844266e+02,-1.50254180e+00,NaN,NaN,-4.52307931e+00,1.17892567e+00,1.33252142e+03,1.20300369e+00,1.43451014e+03,-4.21776222e-01,1.43451632e+03,-4.27959508e-01
"1997Q1",6.06417000e+05,5.98400000e+01,3.39300000e+01,1.23900000e+01,1.69725090e+06,8.55700000e+01,4.44000000e+00,8.30000000e+00,5.96146156e+01,4.08790077e+02,4.44933475e+02,4.09167433e+02,1.33153231e+03,1.43445204e+03,3.52429958e+02,3.88573356e+02,5.28681809e+00,1.96813893e+00,7.89832429e+00,-2.79226363e+00,1.45470782e+00,-3.75479436e+00,-7.07347352e+00,6.90980166e+00,1.73281875e+00,6.90048082e+00,6.19310716e-01,1.97026730e+00,-2.99049720e+00,-8.16748012e+00,5.48019834e+00,2.70718125e+00,7.29476058e+00,-1.81456225e+00,3.90714228e+02,-2.14087182e+00,3.07306703e+00,-3.65885773e-01,-4.52015346e+00,4.96648550e-01,1.33280263e+03,1.12483270e+00,1.43520077e+03,-7.48730451e-01,1.43520635e+03,-7.54313855e-01
"1997Q2",6.04199000e+05,6.06100000e+01,3.65900000e+01,1.96700000e+01,1.71856390e+06,8.56700000e+01,4.33000000e+00,8.14000000e+00,6.08251088e+01,4.10800268e+02,4.45050271e+02,4.10445990e+02,1.33116589e+03,1.43569996e+03,3.59977498e+02,3.94227501e+02,8.04076169e+00,4.67180618e-01,5.11422492e+00,-1.46570175e+00,4.99167030e+00,3.01901601e+01,2.26165790e+01,6.35330336e+00,1.30413644e+00,6.38677897e+00,-6.77607487e-01,2.45102458e+00,5.64994988e+00,6.00782957e-01,1.33166966e+01,3.02586356e+00,6.90685761e+00,6.40983903e+00,3.89583139e+02,4.64436227e+00,2.98970363e+00,3.61599290e-02,-4.52435733e+00,-3.12709410e-01,1.33306642e+03,1.05519110e+00,1.43589144e+03,-1.91487456e-01,1.43589638e+03,-1.96425297e-01
"1997Q3",5.99998000e+05,6.36500000e+01,3.66200000e+01,1.54800000e+01,1.72980350e+06,8.61000000e+01,4.32000000e+00,7.97000000e+00,6.34843063e+01,4.15079273e+02,4.45550941e+02,4.15339933e+02,1.33046816e+03,1.43635184e+03,3.60059454e+02,3.90531122e+02,1.71160217e+01,2.00268218e+00,1.95757716e+01,-2.79091680e+00,2.60752721e+00,3.27824086e-01,-1.47855154e+01,9.42652038e+00,1.54497455e+00,9.41639399e+00,-1.76353058e+00,2.55093480e+00,7.80648724e+00,-7.50585863e-02,6.05347962e+00,2.77502545e+00,6.51782054e+00,-4.64340915e-01,3.88447878e+02,2.08324419e+00,2.90611155e+00,-1.31086104e-01,-4.54104310e+00,-1.02130971e+00,1.33331559e+03,9.96653746e-01,1.43658152e+03,-2.29681598e-01,1.43658574e+03,-2.33907134e-01
"1997Q4",6.00172000e+05,6.46100000e+01,3.80300000e+01,1.64600000e+01,1.74693770e+06,8.64700000e+01,4.43000000e+00,7.80000000e+00,6.48083524e+01,4.17143449e+02,4.45979753e+02,4.16836920e+02,1.33049716e+03,1.43733749e+03,3.63837532e+02,3.92673836e+02,8.25670379e+00,1.71524862e+00,5.98794903e+00,1.15983570e-01,3.94262046e+00,1.51123131e+01,8.57085790e+00,9.67507631e+00,1.53831259e+00,9.64406746e+00,-1.73322465e+00,3.24913145e+00,1.04688757e+01,2.33211200e+00,6.78492369e+00,2.89168741e+00,6.13052141e+00,6.54402278e-01,3.87308228e+02,5.36560863e+00,2.82208472e+00,6.96026950e-02,-4.55859986e+00,-1.48219240e+00,1.33355355e+03,9.51840941e-01,1.43727023e+03,6.72579085e-02,1.43727366e+03,6.38355707e-02
"1998Q1",6.00749000e+05,6.78000000e+01,3.63300000e+01,1.60100000e+01,1.75748150e+06,8.65500000e+01,4.20000000e+00,7.62000000e+00,6.75432329e+01,4.21276788e+02,4.46072228e+02,4.21656219e+02,1.33059325e+03,1.43793924e+03,3.59264385e+02,3.84059825e+02,1.65333558e+01,3.69899460e-01,1.92771990e+01,3.84371691e-01,2.40697958e+00,-1.82925903e+01,-3.44560466e+01,1.24867107e+01,1.13875272e+00,1.24887861e+01,-9.39065821e-01,3.48719939e+00,6.83442674e+00,-4.51353127e+00,3.52328927e+00,3.06124728e+00,5.74754206e+00,-2.22425280e+00,3.86165273e+02,-2.10544814e+00,2.73733512e+00,3.23912161e-01,-4.57181950e+00,-1.69157575e+00,1.33378439e+03,9.23353134e-01,1.43795668e+03,-1.74472081e-02,1.43795919e+03,-1.99486680e-02
"1998Q2",6.01588000e+05,6.83000000e+01,3.65300000e+01,1.56100000e+01,1.76514100e+06,8.68200000e+01,4.06000000e+00,7.42000000e+00,6.85138154e+01,4.22703541e+02,4.46383701e+02,4.22390977e+02,1.33073281e+03,1.43837411e+03,3.59813384e+02,3.83493544e+02,5.70701185e+00,1.24589130e+00,2.93902865e+00,5.58246240e-01,1.73950222e+00,2.19599783e+00,-2.26512272e+00,1.19032733e+01,1.33343039e+00,1.19449871e+01,-4.33078824e-01,2.67415737e+00,-1.64113822e-01,-1.07339567e+01,3.70672673e+00,2.72656961e+00,5.37187334e+00,-1.66514661e+00,3.85023451e+02,-1.52990682e+00,2.65161825e+00,7.49513600e-02,-4.56728800e+00,-1.76200232e+00,1.33401281e+03,9.13700406e-01,1.43864001e+03,-2.65892848e-01,1.43864144e+03,-2.67326822e-01
"1998Q3",6.01598000e+05,6.97000000e+01,3.51900000e+01,1.41800000e+01,1.77515260e+06,8.70600000e+01,3.94000000e+00,7.21000000e+00,6.95106959e+01,4.24148064e+02,4.46659754e+02,4.24420032e+02,1.33073447e+03,1.43893969e+03,3.56076195e+02,3.78587885e+02,5.77809186e+00,1.10421050e+00,8.11622048e+00,6.64901354e-03,2.26232687e+00,-1.49487558e+01,-1.96226372e+01,9.06879082e+00,1.10881247e+00,9.08009928e+00,2.66312628e-01,2.58785728e+00,-3.98325879e+00,-1.19432371e+01,5.11120918e+00,2.83118753e+00,5.00511590e+00,1.06093279e-01,3.83885884e+02,-5.29799887e+00,2.56489205e+00,2.66295481e-01,-4.55026898e+00,-1.82508421e+00,1.33424412e+03,9.25228402e-01,1.43931932e+03,-3.79629383e-01,1.43931951e+03,-3.79818770e-01
"1998Q4",6.01559000e+05,6.94300000e+01,3.50200000e+01,1.15300000e+01,1.78022680e+06,8.71700000e+01,3.62000000e+00,7.00000000e+00,6.96979033e+01,4.24417024e+02,4.46786024e+02,4.24031905e+02,1.33072799e+03,1.43922513e+03,3.55591933e+02,3.77960933e+02,1.07583862e+00,5.05079560e-01,-1.55250680e+00,-2.59317778e-02,1.14175234e+00,-1.93704979e+00,-2.50780885e+00,7.27357452e+00,8.06270205e-01,7.19498532e+00,2.30833792e-01,1.88764025e+00,-8.24559951e+00,-1.47129038e+01,4.25642548e+00,2.81372979e+00,4.64782973e+00,-3.91404253e-01,3.82754737e+02,-4.79380428e+00,2.47716130e+00,3.36568493e-01,-4.52458720e+00,-1.92691506e+00,1.33448413e+03,9.60042725e-01,1.43999360e+03,-7.68466300e-01,1.43999234e+03,-7.67202614e-01
"1999Q1",6.03899000e+05,6.98100000e+01,3.84200000e+01,8.08000000e+00,1.79475860e+06,8.72700000e+01,3.09000000e+00,6.60000000e+00,6.95351587e+01,4.24183251e+02,4.46900676e+02,4.24577727e+02,1.33111622e+03,1.44003811e+03,3.64857816e+02,3.87575241e+02,-9.35092214e-01,4.58610461e-01,2.18328609e+00,1.55293868e+00,3.25190252e+00,3.70635322e+01,3.84572349e+01,2.90646253e+00,8.28447955e-01,2.92150710e+00,5.22975538e-01,2.09887099e+00,5.59343111e+00,3.51541654e+00,5.17353747e+00,2.26155204e+00,4.30064108e+00,8.72896389e-01,3.81628865e+02,5.94637636e+00,2.38859723e+00,-1.27045181e-01,-4.50348767e+00,-1.98517240e+00,1.33473911e+03,1.01993392e+00,1.44066155e+03,-6.23444845e-01,1.44065860e+03,-6.20488092e-01
"1999Q2",6.07188000e+05,6.99300000e+01,3.66400000e+01,7.00000000e+00,1.80743940e+06,8.76600000e+01,2.63000000e+00,6.30000000e+00,7.00995077e+01,4.24991577e+02,4.47346569e+02,4.24749474e+02,1.33165937e+03,1.44074217e+03,3.60114054e+02,3.82469046e+02,3.23330655e+00,1.78357353e+00,6.86990293e-01,2.17259905e+00,2.81624772e+00,-1.89750470e+01,-2.04247800e+01,2.28803620e+00,9.62868512e-01,2.35849751e+00,9.26563741e-01,2.36805736e+00,3.00669900e-01,-1.02449779e+00,4.71196380e+00,1.66713149e+00,3.96393161e+00,7.48032190e-01,3.80504126e+02,1.96492007e+00,2.29958139e+00,-6.32449906e-01,-4.49895489e+00,-1.83857286e+00,1.33501569e+03,1.10630532e+00,1.44132143e+03,-5.79258394e-01,1.44131651e+03,-5.74337865e-01
"1999Q3",6.12001000e+05,7.05600000e+01,3.56500000e+01,6.45000000e+00,1.82658160e+06,8.80500000e+01,2.70000000e+00,5.90000000e+00,7.03730504e+01,4.25381038e+02,4.47790483e+02,4.25646341e+02,1.33244892e+03,1.44179568e+03,3.57374915e+02,3.79784360e+02,1.55784450e+00,1.77565598e+00,3.58746799e+00,3.15818138e+00,4.21403774e+00,-1.09565572e+01,-1.07387457e+01,1.23297436e+00,1.13072988e+00,1.22630939e+00,1.71444683e+00,2.85598508e+00,1.29871955e+00,1.19647507e+00,5.21702564e+00,1.56927012e+00,3.63862851e+00,1.57839713e+00,3.79380096e+02,4.04264381e-01,2.21041598e+00,-6.41145861e-01,-4.49612293e+00,-1.35856769e+00,1.33532072e+03,1.22010603e+00,1.44197108e+03,-1.75398223e-01,1.44196389e+03,-1.68214339e-01
"1999Q4",6.18698000e+05,7.07800000e+01,3.61300000e+01,5.88000000e+00,1.84755760e+06,8.84500000e+01,3.43000000e+00,5.50000000e+00,7.11009940e+01,4.26410132e+02,4.48243742e+02,4.25957647e+02,1.33353725e+03,1.44293751e+03,3.58712355e+02,3.80545965e+02,4.11637361e+00,1.81303427e+00,1.24522529e+00,4.35334138e+00,4.56732350e+00,5.34975932e+00,3.04641997e+00,1.99310811e+00,1.45771856e+00,1.92574242e+00,2.80926512e+00,3.71237787e+00,3.12042183e+00,2.58503228e+00,3.88689189e+00,1.97228144e+00,3.32612650e+00,5.60765391e-01,3.78257576e+02,2.28838924e+00,2.12100787e+00,-1.48726427e-01,-4.49007948e+00,-5.49347274e-01,1.33566116e+03,1.36177135e+00,1.44260799e+03,3.29519164e-01,1.44259822e+03,3.39291773e-01
"2000Q1",6.25248000e+05,7.23500000e+01,3.56300000e+01,5.39000000e+00,1.87135260e+06,8.89600000e+01,3.54000000e+00,5.50000000e+00,7.20823278e+01,4.27780891e+02,4.48818683e+02,4.28151545e+02,1.33459037e+03,1.44421720e+03,3.57318798e+02,3.78356590e+02,5.48303634e+00,2.29976396e+00,8.77559126e+00,4.21244043e+00,5.11877371e+00,-5.57422622e+00,-8.75749860e+00,3.59764025e+00,1.91800693e+00,3.57381871e+00,3.47414056e+00,4.17909567e+00,-7.53901777e+00,-9.21865109e+00,1.79235975e+00,1.62199307e+00,3.02880681e+00,-1.23644706e+00,3.77137622e+02,1.21896806e+00,2.03086324e+00,-4.08870170e-01,-4.47981388e+00,4.32558763e-01,1.33604395e+03,1.53117274e+00,1.44322955e+03,9.87654061e-01,1.44321684e+03,1.00036207e+00
"2000Q2",6.35423000e+05,7.25400000e+01,3.58500000e+01,5.33000000e+00,1.88758200e+06,8.92800000e+01,4.26000000e+00,5.50000000e+00,7.26292789e+01,4.28536813e+02,4.49177750e+02,4.28413813e+02,1.33620462e+03,1.44508072e+03,3.57934357e+02,3.78575293e+02,3.02368955e+00,1.43626725e+00,1.04907231e+00,6.45701913e+00,3.45406400e+00,2.46223497e+00,8.74812677e-01,3.54523600e+00,1.83118036e+00,3.66433921e+00,4.54524558e+00,4.33854974e+00,-2.17969728e+00,-3.89375291e+00,1.78476400e+00,2.42881964e+00,2.74940113e+00,-9.64637132e-01,3.76022721e+02,2.55257252e+00,1.93939530e+00,4.89424332e-01,-4.45960516e+00,1.35352721e+00,1.33647585e+03,1.72757944e+00,1.44383334e+03,1.24737972e+00,1.44381734e+03,1.26338499e+00
"2000Q3",6.43800000e+05,7.34100000e+01,3.54700000e+01,5.34000000e+00,1.89614880e+06,8.99800000e+01,4.74000000e+00,5.50000000e+00,7.32370439e+01,4.29370136e+02,4.49958742e+02,4.29606017e+02,1.33751434e+03,1.44553354e+03,3.56868727e+02,3.77457334e+02,3.33329031e+00,3.12396991e+00,4.76881291e+00,5.23888001e+00,1.81129474e+00,-4.26251930e+00,-4.47183970e+00,3.98909745e+00,2.16825885e+00,3.95967544e+00,5.06542024e+00,3.73786399e+00,-5.06187807e-01,-2.32702641e+00,1.35090255e+00,2.57174115e+00,2.48986839e+00,-1.13896585e+00,3.74916119e+02,2.54121407e+00,1.84576174e+00,7.25979409e-01,-4.42640590e+00,2.02093965e+00,1.33696326e+03,1.94963333e+00,1.44441757e+03,1.11597719e+00,1.44439790e+03,1.13564886e+00
"2000Q4",6.48456000e+05,7.37600000e+01,3.50900000e+01,5.41000000e+00,1.90861190e+06,9.05600000e+01,5.02000000e+00,5.50000000e+00,7.41520061e+01,4.30611712e+02,4.50601261e+02,4.30081658e+02,1.33823494e+03,1.44618868e+03,3.55791619e+02,3.75781168e+02,4.96630646e+00,2.57007642e+00,1.90256525e+00,2.88241348e+00,2.62053686e+00,-4.30843168e+00,-6.70466172e+00,4.20158066e+00,2.35751938e+00,4.12401043e+00,4.69768826e+00,3.25116733e+00,-2.92073556e+00,-4.76479684e+00,1.20841934e+00,2.66248062e+00,2.25156461e+00,-1.04314528e+00,3.73822661e+02,1.95850731e+00,1.74942612e+00,9.13054492e-01,-4.37383467e+00,2.36322194e+00,1.33751209e+03,2.19533864e+00,1.44498121e+03,1.20746567e+00,1.44495751e+03,1.23117010e+00
"2001Q1",6.52368000e+05,7.54000000e+01,3.44700000e+01,5.22000000e+00,1.92594850e+06,9.08300000e+01,4.75000000e+00,5.10000000e+00,7.51264013e+01,4.31917205e+02,4.50898963e+02,4.32280728e+02,1.33883641e+03,1.44709291e+03,3.54008938e+02,3.72990696e+02,5.22196879e+00,1.19080522e+00,8.79627831e+00,2.40586692e+00,3.61693990e+00,-7.13072363e+00,-1.11618872e+01,4.13631378e+00,2.08027970e+00,4.12918219e+00,4.24604488e+00,2.87570888e+00,-3.30985991e+00,-5.36589398e+00,1.08368622e+00,2.66972030e+00,2.03513395e+00,-9.51447732e-01,3.72748776e+02,2.41920121e-01,1.65030574e+00,1.01941455e+00,-4.29553843e+00,2.42322299e+00,1.33812761e+03,2.46206749e+00,1.44552396e+03,1.56895424e+00,1.44549587e+03,1.59704274e+00
"2001Q2",6.56948000e+05,7.62900000e+01,3.37700000e+01,5.04000000e+00,1.92733280e+06,9.18100000e+01,4.59000000e+00,4.80000000e+00,7.62909213e+01,4.33455394e+02,4.51972122e+02,4.33454187e+02,1.33953601e+03,1.44716476e+03,3.51957283e+02,3.70474011e+02,6.15275956e+00,4.29263866e+00,4.69383724e+00,2.79841913e+00,2.87401817e-01,-8.20661845e+00,-1.00667394e+01,4.91858128e+00,2.79437255e+00,5.04037342e+00,3.33139489e+00,2.08404333e+00,-5.97707326e+00,-8.10128199e+00,1.21418720e-01,1.79562745e+00,1.84056863e+00,-1.71914991e+00,3.71702121e+02,-1.22810949e+00,1.54888857e+00,2.46738879e-01,-4.18662092e+00,2.28527690e+00,1.33881425e+03,2.74658197e+00,1.44604624e+03,1.11852179e+00,1.44601345e+03,1.15131584e+00
"2001Q3",6.59967000e+05,7.74700000e+01,3.39900000e+01,5.41000000e+00,1.92899900e+06,9.21200000e+01,4.27000000e+00,4.40000000e+00,7.73379708e+01,4.34818505e+02,4.52309207e+02,4.34989076e+02,1.33999451e+03,1.44725118e+03,3.52606636e+02,3.70097339e+02,5.45244145e+00,1.34834032e+00,6.13955862e+00,1.83398642e+00,3.45654926e-01,2.59741172e+00,-1.50668941e+00,5.44836907e+00,2.35046515e+00,5.38305985e+00,2.48017149e+00,1.71763338e+00,-4.26209051e+00,-7.35999442e+00,-3.83690653e-02,1.91953485e+00,1.66726617e+00,-1.70563524e+00,3.70690502e+02,-5.93162509e-01,1.44629969e+00,4.73235154e-01,-4.04647733e+00,2.00556897e+00,1.33957552e+03,3.04507296e+00,1.44654948e+03,7.01699709e-01,1.44651170e+03,7.39473362e-01
"2001Q4",6.62378000e+05,7.69900000e+01,3.19800000e+01,5.02000000e+00,1.93201960e+06,9.24300000e+01,3.44000000e+00,4.10000000e+00,7.74150289e+01,4.34918093e+02,4.52645160e+02,4.34367554e+02,1.34035917e+03,1.44740764e+03,3.46511071e+02,3.64238137e+02,3.98354385e-01,1.34381053e+00,-2.48608854e+00,1.45862248e+00,6.25866059e-01,-2.43822625e+01,-2.34368064e+01,4.30638105e+00,2.04389868e+00,4.28589640e+00,2.12422374e+00,1.21896567e+00,-9.28054822e+00,-1.15430306e+01,7.13618953e-01,1.39610132e+00,1.51354967e+00,-7.99930718e-01,3.69720957e+02,-5.48281962e+00,1.34381842e+00,5.22828941e-02,-3.87817793e+00,1.60332671e+00,1.34041382e+03,3.35321543e+00,1.44703578e+03,3.71862020e-01,1.44699282e+03,4.14821407e-01
"2002Q1",6.64465000e+05,7.82200000e+01,3.08500000e+01,4.38000000e+00,1.93491380e+06,9.31700000e+01,3.36000000e+00,4.00000000e+00,7.79572085e+01,4.35616007e+02,4.53442578e+02,4.35952537e+02,1.34067375e+03,1.44755733e+03,3.42913675e+02,3.60740246e+02,2.79165340e+00,3.18967207e+00,6.33993041e+00,1.25832625e+00,5.98758808e-01,-1.43895828e+01,-1.39915641e+01,3.69880220e+00,2.54361539e+00,3.67180943e+00,1.83733857e+00,4.64420402e-01,-1.10952630e+01,-1.22504498e+01,6.81197801e-01,8.16384605e-01,1.37667618e+00,-6.95478381e-01,3.68800156e+02,-8.05990925e+00,1.24301984e+00,-4.26635237e-01,-3.68320565e+00,1.10766540e+00,1.34133038e+03,3.66623953e+00,1.44750771e+03,4.96250756e-02,1.44745945e+03,9.78848098e-02
"2002Q2",6.69214000e+05,7.80400000e+01,2.92600000e+01,3.93000000e+00,1.94584710e+06,9.37000000e+01,3.45000000e+00,3.90000000e+00,7.79688898e+01,4.35630990e+02,4.54009819e+02,4.35722152e+02,1.34138592e+03,1.44812080e+03,3.37622140e+02,3.56000969e+02,5.99324523e-02,2.26896311e+00,-9.21541429e-01,2.84867352e+00,2.25385263e+00,-2.11661419e+01,-1.89571112e+01,2.17559542e+00,2.03769651e+00,2.26796477e+00,1.84990217e+00,9.56033104e-01,-1.43351439e+01,-1.44730428e+01,1.75440458e+00,1.41230349e+00,1.25340280e+00,5.01001776e-01,3.67931339e+02,-1.19303702e+01,1.14551170e+00,2.66791787e-01,-3.47526751e+00,5.98645385e-01,1.34232514e+03,3.97901618e+00,1.44796804e+03,1.52752677e-01,1.44791449e+03,2.06309004e-01
"2002Q3",6.73704000e+05,7.79700000e+01,3.03000000e+01,3.14000000e+00,1.95124120e+06,9.40800000e+01,3.36000000e+00,3.90000000e+00,7.78786639e+01,4.35515202e+02,4.54414548e+02,4.35632414e+02,1.34205461e+03,1.44839762e+03,3.41114771e+02,3.60014117e+02,-4.63149661e-01,1.61891796e+00,-3.58951373e-01,2.67478237e+00,1.10730946e+00,1.39705268e+01,1.60525944e+01,6.96697645e-01,2.10534092e+00,6.43337268e-01,2.06010115e+00,1.14644674e+00,-1.14918651e+01,-1.00832218e+01,2.44330236e+00,1.25465908e+00,1.14005196e+00,1.30325040e+00,3.67112710e+02,-7.09859326e+00,1.05263512e+00,2.02023962e-01,-3.27451330e+00,1.85062506e-01,1.34339668e+03,4.28615560e+00,1.44841961e+03,-2.19818999e-02,1.44836091e+03,3.67187305e-02
"2002Q4",6.78347000e+05,7.74000000e+01,3.16000000e+01,2.74000000e+00,1.95255010e+06,9.45200000e+01,3.11000000e+00,3.80000000e+00,7.78341142e+01,4.35457982e+02,4.54881145e+02,4.34898678e+02,1.34274142e+03,1.44846468e+03,3.45315712e+02,3.64738875e+02,-2.28881243e-01,1.86638727e+00,-2.93494269e+00,2.74724445e+00,2.68231562e-01,1.68037632e+01,1.88990317e+01,5.39888738e-01,2.23598510e+00,5.31123731e-01,2.38225665e+00,1.05703811e+00,-1.19535868e+00,5.00737685e-01,2.20011126e+00,8.74014896e-01,1.03325920e+00,1.16685206e+00,3.66335018e+02,-1.59614309e+00,9.65897941e-01,-9.18830448e-02,-3.11076894e+00,-7.44850508e-02,1.34454221e+03,4.58211652e+00,1.44886531e+03,-4.00625291e-01,1.44880180e+03,-3.37114650e-01
"2003Q1",6.86859000e+05,7.79400000e+01,3.19500000e+01,2.50000000e+00,1.95072350e+06,9.53200000e+01,2.68000000e+00,3.80000000e+00,7.76812945e+01,4.35261449e+02,4.55723965e+02,4.35593930e+02,1.34398843e+03,1.44837109e+03,3.46417218e+02,3.66879735e+02,-7.86133235e-01,3.37127996e+00,2.78100773e+00,4.98802982e+00,-3.74372964e-01,4.40602409e+00,8.56343729e+00,-3.54557922e-01,2.28138708e+00,-3.58606942e-01,3.31468254e+00,8.13755172e-01,3.50354305e+00,6.13948805e+00,2.85455792e+00,3.98612923e-01,9.30474621e-01,1.92408330e+00,3.65584573e+02,1.29516147e+00,8.86934289e-01,-4.88321366e-01,-3.00178092e+00,-2.35170761e-01,1.34575754e+03,4.86132377e+00,1.44930805e+03,-9.36958364e-01,1.44924028e+03,-8.69190701e-01
"2003Q2",6.92788000e+05,7.80900000e+01,3.15800000e+01,2.41000000e+00,1.95265180e+06,9.55000000e+01,2.36000000e+00,3.70000000e+00,7.79898030e+01,4.35657809e+02,4.55912625e+02,4.35786201e+02,1.34484793e+03,1.44846989e+03,3.45252401e+02,3.65507217e+02,1.58543982e+00,7.54638102e-01,7.69083106e-01,3.43800204e+00,3.95206714e-01,-4.65926880e+00,-5.49007052e+00,2.68189203e-02,1.90280582e+00,6.40491920e-02,3.46201467e+00,3.49093694e-01,7.63026132e+00,9.50624823e+00,2.38318108e+00,4.57194176e-01,8.29877577e-01,1.55330350e+00,3.64846688e+02,6.60528735e-01,8.17320857e-01,-3.60126681e-01,-2.95153959e+00,-4.40971954e-01,1.34703711e+03,5.11829128e+00,1.44975047e+03,-1.28058389e+00,1.44967926e+03,-1.20937058e+00
"2003Q3",7.00527000e+05,7.79600000e+01,3.18400000e+01,2.12000000e+00,1.96165540e+06,9.59900000e+01,2.14000000e+00,3.60000000e+00,7.78887963e+01,4.35528212e+02,4.56424402e+02,4.35619587e+02,1.34595882e+03,1.44892993e+03,3.46072336e+02,3.66968526e+02,-5.18386751e-01,2.04710876e+00,-6.66453214e-01,4.44354914e+00,1.84014497e+00,3.27974086e+00,5.84523637e+00,1.30096479e-02,2.00985352e+00,-1.28262682e-02,3.90420636e+00,5.32302570e-01,4.95756485e+00,6.95440872e+00,2.10699035e+00,1.30146477e-01,7.30849989e-01,1.37614036e+00,3.64107486e+02,2.86103959e+00,7.58329136e-01,-6.28182658e-01,-2.95680705e+00,-8.11488040e-01,1.34837405e+03,5.34774761e+00,1.45019465e+03,-1.26472544e+00,1.45012111e+03,-1.19117860e+00
"2003Q4",7.06623000e+05,7.80300000e+01,3.24100000e+01,2.07000000e+00,1.97567120e+06,9.64300000e+01,2.15000000e+00,3.60000000e+00,7.84511748e+01,4.36247645e+02,4.56881736e+02,4.35709337e+02,1.34682526e+03,1.44964187e+03,3.47846702e+02,3.68480792e+02,2.87773352e+00,1.82933486e+00,3.58997396e-01,3.46575028e+00,2.84779204e+00,7.09746247e+00,6.04906381e+00,7.89663338e-01,2.00059042e+00,8.10658753e-01,4.08383282e+00,1.17719269e+00,2.53098966e+00,3.74191674e+00,1.28033666e+00,1.49409580e-01,6.33744590e-01,6.46592073e-01,3.63353503e+02,5.12728853e+00,7.11005537e-01,-5.61595958e-01,-3.01593197e+00,-1.32726171e+00,1.34976024e+03,5.54476072e+00,1.45064184e+03,-9.99968678e-01,1.45056742e+03,-9.25545676e-01
"2004Q1",7.13129000e+05,7.97900000e+01,3.28400000e+01,2.06000000e+00,1.98551860e+06,9.69800000e+01,2.06000000e+00,3.50000000e+00,7.95633879e+01,4.37655404e+02,4.57450477e+02,4.37939818e+02,1.34774176e+03,1.45013907e+03,3.49164728e+02,3.68959802e+02,5.63103281e+00,2.27496606e+00,8.92192608e+00,3.66601803e+00,1.98878030e+00,5.27210697e+00,1.91604022e+00,2.39395485e+00,1.72651194e+00,2.34588834e+00,3.75332987e+00,1.76798101e+00,2.74751038e+00,2.08006747e+00,-3.33954850e-01,3.33488055e-01,5.39774201e-01,-8.73729050e-01,3.62573063e+02,6.38673903e+00,6.76003860e-01,-3.42515805e-01,-3.12176176e+00,-1.81735007e+00,1.35118645e+03,5.70485869e+00,1.45109252e+03,-9.53450704e-01,1.45101907e+03,-8.80000126e-01
"2004Q2",7.21644000e+05,8.01400000e+01,3.17600000e+01,2.18000000e+00,1.99644830e+06,9.76900000e+01,2.08000000e+00,3.40000000e+00,7.99935549e+01,4.38194607e+02,4.58179920e+02,4.38377511e+02,1.34892872e+03,1.45068803e+03,3.45820764e+02,3.65806077e+02,2.15681265e+00,2.91777120e+00,1.75076876e+00,4.74784511e+00,2.19584496e+00,-1.33758593e+01,-1.26149007e+01,2.53679806e+00,2.26729522e+00,2.59130975e+00,4.08079064e+00,2.21814057e+00,5.68362755e-01,2.98859915e-01,-3.56798058e-01,-1.87295218e-01,4.50555762e-01,-8.07353820e-01,3.61757693e+02,4.04838340e+00,6.53626905e-01,-8.40922123e-01,-3.26147820e+00,-2.07456624e+00,1.35264249e+03,5.82414321e+00,1.45154653e+03,-8.58499841e-01,1.45147634e+03,-7.88308004e-01
"2004Q3",7.33530000e+05,8.04400000e+01,3.16600000e+01,2.59000000e+00,2.00385900e+06,9.81700000e+01,2.12000000e+00,3.40000000e+00,8.03846303e+01,4.38682299e+02,4.58670067e+02,4.38751156e+02,1.35056238e+03,1.45105854e+03,3.45505405e+02,3.65493173e+02,1.95076977e+00,1.96058802e+00,1.49458388e+00,6.53462162e+00,1.48202784e+00,-1.26143277e+00,-1.25161452e+00,3.15408719e+00,2.24566503e+00,3.13156903e+00,4.60355876e+00,2.12861129e+00,-5.66930652e-01,-1.47535281e+00,-5.64087188e-01,-1.25665033e-01,3.67160134e-01,-9.31247322e-01,3.60902915e+02,4.59025838e+00,6.43963400e-01,-7.69628433e-01,-3.41911444e+00,-2.01170719e+00,1.35411734e+03,5.89939259e+00,1.45200313e+03,-9.44588052e-01,1.45193896e+03,-8.80424913e-01
"2004Q4",7.46202000e+05,8.04100000e+01,3.04700000e+01,2.62000000e+00,2.01024250e+06,9.86300000e+01,2.16000000e+00,3.30000000e+00,8.08461138e+01,4.39254752e+02,4.59137547e+02,4.38713855e+02,1.35227516e+03,1.45137659e+03,3.41674259e+02,3.61557055e+02,2.28981010e+00,1.86992210e+00,-1.49207338e-01,6.85113780e+00,1.27221604e+00,-1.53245846e+01,-1.57444726e+01,3.00710633e+00,2.25581184e+00,3.00451784e+00,5.44990564e+00,1.73471728e+00,-6.17244242e+00,-6.92373691e+00,-3.87106335e-01,-9.58118444e-02,2.90153580e-01,-6.77259915e-01,3.60006777e+02,1.55027761e+00,6.46576498e-01,-7.42388342e-01,-3.58454952e+00,-1.72671381e+00,1.35559937e+03,5.92815143e+00,1.45246102e+03,-1.08442896e+00,1.45240618e+03,-1.02959198e+00
"2005Q1",7.57727000e+05,8.10700000e+01,2.99500000e+01,2.29000000e+00,2.01495700e+06,9.90000000e+01,2.14000000e+00,3.30000000e+00,8.08519465e+01,4.39261966e+02,4.59511985e+02,4.39531298e+02,1.35380784e+03,1.45161084e+03,3.39952932e+02,3.60202951e+02,2.88575339e-02,1.49775007e+00,3.26977298e+00,6.13072857e+00,9.36997464e-01,-6.88530737e+00,-5.41641484e+00,1.60656251e+00,2.06150785e+00,1.59147957e+00,6.06608327e+00,1.47177158e+00,-9.21179600e+00,-8.75685067e+00,6.83437485e-01,7.84921543e-02,2.19520336e-01,4.63917150e-01,3.59070200e+02,1.13275085e+00,6.60548332e-01,-5.82056178e-01,-3.74630780e+00,-1.41500489e+00,1.35707657e+03,5.90880425e+00,1.45291834e+03,-1.30749885e+00,1.45287669e+03,-1.26585311e+00
"2005Q2",7.73140000e+05,8.13900000e+01,3.00300000e+01,1.85000000e+00,2.02879750e+06,9.96500000e+01,2.12000000e+00,3.20000000e+00,8.12155568e+01,4.39710682e+02,4.60166405e+02,4.39925242e+02,1.35582154e+03,1.45229538e+03,3.40219688e+02,3.60675411e+02,1.79486143e+00,2.61767861e+00,1.57577454e+00,8.05479291e+00,2.73815911e+00,1.06702297e+00,1.88984016e+00,1.51607471e+00,1.98648470e+00,1.54773101e+00,6.89282022e+00,1.60735011e+00,-5.60107544e+00,-5.13066545e+00,3.33925291e-01,1.33515301e-01,1.54821346e-01,1.79103945e-01,3.58095072e+02,2.58033928e+00,6.84497045e-01,-5.50981744e-01,-3.90051357e+00,-1.19955905e+00,1.35853673e+03,5.84063084e+00,1.45337253e+03,-1.07714948e+00,1.45334854e+03,-1.05316193e+00
"2005Q3",7.84625000e+05,8.19400000e+01,2.95500000e+01,1.79000000e+00,2.04146350e+06,1.00450000e+02,2.13000000e+00,3.10000000e+00,8.18843038e+01,4.40530732e+02,4.60966009e+02,4.40598727e+02,1.35729612e+03,1.45291775e+03,3.38608374e+02,3.59043651e+02,3.28020280e+00,3.19841784e+00,2.69394271e+00,5.89830076e+00,2.48947984e+00,-6.44525526e+00,-6.52704022e+00,1.84843297e+00,2.29594216e+00,1.84757072e+00,6.73374001e+00,1.85921311e+00,-6.89703106e+00,-6.44952187e+00,-5.84329672e-02,-1.65942156e-01,9.59075074e-02,-1.54340475e-01,3.57083988e+02,1.95966297e+00,7.16676993e-01,-8.82619148e-01,-4.04433497e+00,-1.02770943e+00,1.35996769e+03,5.72384146e+00,1.45382022e+03,-9.02470706e-01,1.45381899e+03,-9.01236225e-01
"2005Q4",7.97968000e+05,8.23300000e+01,2.90100000e+01,2.11000000e+00,2.05501840e+06,1.00890000e+02,2.34000000e+00,3.00000000e+00,8.27938227e+01,4.41635345e+02,4.61403081e+02,4.41073556e+02,1.35898238e+03,1.45357954e+03,3.36764060e+02,3.56531796e+02,4.41845241e+00,1.74828926e+00,1.89931568e+00,6.74503990e+00,2.64713963e+00,-7.37725829e+00,-1.00474214e+01,2.38059354e+00,2.26553395e+00,2.35970148e+00,6.70721554e+00,2.20294401e+00,-4.91019949e+00,-5.02525908e+00,-2.70593543e-01,7.44660546e-02,4.27416542e-02,-3.13335198e-01,3.56041158e+02,4.90637898e-01,7.54998168e-01,-6.80532113e-01,-4.17132114e+00,-7.31707118e-01,1.36135759e+03,5.55959066e+00,1.45425737e+03,-6.77834187e-01,1.45428463e+03,-7.05090545e-01
"2006Q1",8.15217000e+05,8.33700000e+01,2.86000000e+01,2.07000000e+00,2.07349280e+06,1.01300000e+02,2.61000000e+00,3.00000000e+00,8.31592693e+01,4.42075768e+02,4.61808641e+02,4.42328853e+02,1.36112096e+03,1.45447451e+03,3.35340672e+02,3.55073545e+02,1.76168939e+00,1.62223873e+00,5.02118844e+00,8.55433563e+00,3.57989065e+00,-5.69355212e+00,-5.83300278e+00,2.81380151e+00,2.29665611e+00,2.79755534e+00,7.31311730e+00,2.86366731e+00,-4.61226067e+00,-5.12940607e+00,-7.43801508e-01,3.13343888e-01,-4.80984115e-03,-7.38991667e-01,3.54972015e+02,1.01530436e-01,7.96818927e-01,-4.83475039e-01,-4.27657293e+00,-2.05190704e-01,1.36269508e+03,5.34996879e+00,1.45467937e+03,-2.04859479e-01,1.45474150e+03,-2.66988127e-01
"2006Q2",8.28501000e+05,8.37800000e+01,2.85000000e+01,2.13000000e+00,2.09700900e+06,1.02090000e+02,2.89000000e+00,3.00000000e+00,8.35608016e+01,4.42557453e+02,4.62585478e+02,4.42819432e+02,1.36273733e+03,1.45560226e+03,3.34990409e+02,3.55018434e+02,1.92674104e+00,3.10734637e+00,1.96231324e+00,6.46548336e+00,4.51100618e+00,-1.40105222e+00,-2.20446888e-01,2.84677141e+00,2.41907305e+00,2.89419002e+00,6.91578991e+00,3.30687908e+00,-5.22927947e+00,-5.65697783e+00,-7.16771410e-01,4.70926948e-01,-4.70764409e-02,-6.69694969e-01,3.53882299e+02,1.13613465e+00,8.39072292e-01,-3.68145345e-01,-4.35886375e+00,4.64220881e-01,1.36396958e+03,5.09797125e+00,1.45508118e+03,5.21075821e-01,1.45518519e+03,4.17066793e-01
"2006Q3",8.41804000e+05,8.43500000e+01,2.83300000e+01,2.38000000e+00,2.11034200e+06,1.02630000e+02,3.22000000e+00,3.00000000e+00,8.42994303e+01,4.43437511e+02,4.63113029e+02,4.43497481e+02,1.36433025e+03,1.45623606e+03,3.34392131e+02,3.54067649e+02,3.52023086e+00,2.11020419e+00,2.71219739e+00,6.37166567e+00,2.53519036e+00,-2.39310937e+00,-3.80313604e+00,2.90677842e+00,2.14701964e+00,2.89875369e+00,7.03413114e+00,3.31830671e+00,-4.21624300e+00,-4.97600179e+00,-5.26778425e-01,1.07298036e+00,-8.48494772e-02,-4.41928948e-01,3.52777814e+02,1.28983558e+00,8.78389116e-01,1.94591244e-01,-4.41793976e+00,1.03890308e+00,1.36517144e+03,4.80744572e+00,1.45545766e+03,7.78398192e-01,1.45561114e+03,6.24912882e-01
"2006Q4",8.52859000e+05,8.35600000e+01,2.75000000e+01,2.62000000e+00,2.13327760e+06,1.02670000e+02,3.59000000e+00,3.00000000e+00,8.40665693e+01,4.43160898e+02,4.63151996e+02,4.42556494e+02,1.36563495e+03,1.45731701e+03,3.31418600e+02,3.51409699e+02,-1.10645217e+00,1.55869461e-01,-3.76394892e+00,5.21881073e+00,4.32382268e+00,-1.18941237e+01,-1.06318020e+01,1.52555228e+00,1.74891469e+00,1.48293754e+00,6.65257385e+00,3.73747747e+00,-5.34545935e+00,-5.12209694e+00,1.09444772e+00,1.84108531e+00,-1.19338841e-01,1.21378656e+00,3.51665074e+02,-2.55374771e-01,9.11170159e-01,9.29915152e-01,-4.45096063e+00,1.33118209e+00,1.36629219e+03,4.48301850e+00,1.45580396e+03,1.51305331e+00,1.45601504e+03,1.30197301e+00
"2007Q1",8.72262000e+05,8.44400000e+01,2.80000000e+01,2.58000000e+00,2.15024680e+06,1.03210000e+02,3.82000000e+00,3.00000000e+00,8.42142098e+01,4.43336367e+02,4.63676575e+02,4.43604122e+02,1.36788451e+03,1.45810932e+03,3.33220451e+02,3.53560659e+02,7.01877172e-01,2.09831451e+00,4.19051452e+00,8.99824104e+00,3.16921996e+00,7.20740220e+00,8.60383954e+00,1.26059923e+00,1.86793363e+00,1.27526906e+00,6.76355020e+00,3.63480979e+00,-2.12022077e+00,-1.51288636e+00,1.31940077e+00,1.95206637e+00,-1.52030630e-01,1.47143140e+00,3.50551398e+02,3.00926056e+00,9.33937801e-01,1.01812857e+00,-4.45470178e+00,1.38864652e+00,1.36732469e+03,4.13000150e+00,1.45611574e+03,1.99357955e+00,1.45639296e+03,1.71635869e+00
"2007Q2",8.72035000e+05,8.55600000e+01,2.87200000e+01,2.77000000e+00,2.16028430e+06,1.04030000e+02,4.06000000e+00,3.00000000e+00,8.53068961e+01,4.44625530e+02,4.64467932e+02,4.44921788e+02,1.36785848e+03,1.45857504e+03,3.35759374e+02,3.55601777e+02,5.15665099e+00,3.16542860e+00,5.27066449e+00,-1.04110711e-01,1.86288286e+00,1.01556936e+01,8.16447122e+00,2.06807671e+00,1.88245419e+00,2.10235687e+00,5.12115169e+00,2.97277896e+00,7.68965691e-01,5.83343167e-01,7.01923286e-01,2.17754581e+00,-1.83652325e-01,8.85575611e-01,3.49443948e+02,6.15782877e+00,9.43795619e-01,1.23375019e+00,-4.42980163e+00,1.48499706e+00,1.36826326e+03,3.75428208e+00,1.45638959e+03,2.18544482e+00,1.45674180e+03,1.83324286e+00
"2007Q3",8.85874000e+05,8.62100000e+01,2.76100000e+01,3.27000000e+00,2.17304450e+06,1.04580000e+02,4.50000000e+00,3.00000000e+00,8.61628777e+01,4.45623943e+02,4.64995233e+02,4.45678618e+02,1.36943300e+03,1.45916397e+03,3.31817803e+02,3.51189092e+02,3.99365403e+00,2.10920387e+00,3.02731840e+00,6.29806703e+00,2.35573850e+00,-1.57662873e+01,-1.76507375e+01,2.18643251e+00,1.88220411e+00,2.18113712e+00,5.10275203e+00,2.92791600e+00,-2.57432879e+00,-2.87855719e+00,1.08356749e+00,2.61779589e+00,-2.14011760e-01,1.29757925e+00,3.48351764e+02,2.83732866e+00,9.38483521e-01,1.67931237e+00,-4.36873704e+00,1.89057385e+00,1.36910381e+03,3.36219831e+00,1.45662337e+03,2.54060279e+00,1.45705952e+03,2.10445750e+00
"2007Q4",8.99221000e+05,8.73100000e+01,2.66200000e+01,3.78000000e+00,2.18174490e+06,1.05620000e+02,4.72000000e+00,3.00000000e+00,8.78771828e+01,4.47594019e+02,4.65984775e+02,4.46946500e+02,1.37092841e+03,1.45956355e+03,3.28166281e+02,3.46557037e+02,7.88030318e+00,3.95816741e+00,5.07152944e+00,5.98164186e+00,1.59831593e+00,-1.46060852e+01,-1.85282210e+01,4.43312134e+00,2.83277860e+00,4.39000671e+00,5.29345981e+00,2.24653931e+00,-3.25231917e+00,-4.85266192e+00,-6.53121344e-01,1.88722140e+00,-2.42363288e-01,-4.10758056e-01,3.47287735e+02,-7.30698220e-01,9.16512507e-01,9.70708896e-01,-4.25611343e+00,2.59224153e+00,1.36984391e+03,2.96040278e+00,1.45681628e+03,2.74727351e+00,1.45734523e+03,2.21832111e+00
"2008Q1",9.02977000e+05,9.06300000e+01,2.53400000e+01,3.98000000e+00,2.19449320e+06,1.06680000e+02,4.48000000e+00,3.00000000e+00,9.03793050e+01,4.50401531e+02,4.66983370e+02,4.50678528e+02,1.37134524e+03,1.46014617e+03,3.23238417e+02,3.39820256e+02,1.12300498e+01,3.99438081e+00,1.49281121e+01,1.66729979e+00,2.33046480e+00,-1.97114552e+01,-2.69471242e+01,7.06516449e+00,3.30679517e+00,7.07440611e+00,3.46072449e+00,2.03685052e+00,-9.98203353e+00,-1.37404028e+01,-3.08516449e+00,1.17320483e+00,-2.67150272e-01,-2.81801422e+00,3.46266526e+02,-6.44626989e+00,8.77443150e-01,2.95761676e-01,-4.08483749e+00,3.20136383e+00,1.37048284e+03,2.55571820e+00,1.45696912e+03,3.17705155e+00,1.45759937e+03,2.54679929e+00
"2008Q2",9.14181000e+05,9.13200000e+01,2.39000000e+01,4.15000000e+00,2.18572270e+06,1.07810000e+02,4.86000000e+00,3.00000000e+00,9.09954788e+01,4.51080982e+02,4.68037042e+02,4.51436982e+02,1.37257839e+03,1.45974571e+03,3.17387846e+02,3.34343906e+02,2.71780326e+00,4.21468769e+00,3.03381504e+00,4.93260002e+00,-1.60184099e+00,-2.34022864e+01,-2.19054019e+01,6.45545256e+00,3.56910995e+00,6.51519374e+00,4.71990218e+00,1.17066956e+00,-1.83715285e+01,-2.12578711e+01,-2.30545256e+00,1.29089005e+00,-2.87072799e-01,-2.01837976e+00,3.45302342e+02,-1.09584364e+01,8.21442714e-01,4.69447339e-01,-3.85673596e+00,3.16038257e+00,1.37102159e+03,2.15498856e+00,1.45708440e+03,2.66130791e+00,1.45782374e+03,1.92196467e+00
"2008Q3",9.15398000e+05,9.19300000e+01,2.46700000e+01,3.91000000e+00,2.17246210e+06,1.08600000e+02,4.98000000e+00,3.00000000e+00,9.19235689e+01,4.52095746e+02,4.68767141e+02,4.52102742e+02,1.37271142e+03,1.45913717e+03,3.20558793e+02,3.37230188e+02,4.05905470e+00,2.92039558e+00,2.66303849e+00,5.32144359e-01,-2.43415854e+00,1.26837886e+01,1.15451295e+01,6.47180273e+00,3.77190787e+00,6.42412377e+00,3.27842151e+00,-2.68047000e-02,-1.12590095e+01,-1.39589044e+01,-2.56180273e+00,1.20809213e+00,-3.02592217e-01,-2.25921051e+00,3.44405361e+02,-7.17517288e+00,7.48863315e-01,4.59228811e-01,-3.58792451e+00,2.12598519e+00,1.37146282e+03,1.76492955e+00,1.45716663e+03,1.97053869e+00,1.45802176e+03,1.11540886e+00
"2008Q4",8.99566000e+05,9.14100000e+01,2.69300000e+01,4.11000000e+00,2.13514300e+06,1.08010000e+02,4.21000000e+00,3.00000000e+00,9.20328819e+01,4.52214592e+02,4.68222382e+02,4.51535488e+02,1.37096677e+03,1.45740442e+03,3.29324091e+02,3.45331880e+02,4.75386418e-01,-2.17903683e+00,-2.26901448e+00,-6.97860743e+00,-6.93100372e+00,3.50611905e+01,3.24067673e+01,4.62057353e+00,2.23760682e+00,4.58898778e+00,3.83591836e-02,-2.15913461e+00,1.15780939e+00,-1.22515733e+00,-5.10573534e-01,1.97239318e+00,-3.15431360e-01,-1.95142174e-01,3.43578911e+02,1.75296874e+00,6.60350472e-01,1.31204271e+00,-3.30579923e+00,2.55373160e-01,1.37181082e+03,1.39198200e+00,1.45722197e+03,1.82447651e-01,1.45819802e+03,-7.93606737e-01
"2009Q1",8.69132000e+05,9.25800000e+01,2.73800000e+01,2.71000000e+00,2.07457110e+06,1.07740000e+02,2.01000000e+00,3.00000000e+00,9.22854650e+01,4.52488665e+02,4.67972092e+02,4.52807314e+02,1.36752503e+03,1.45452650e+03,3.30981282e+02,3.46464708e+02,1.09629145e+00,-1.00115927e+00,5.08730157e+00,-1.37669649e+01,-1.15116759e+01,6.62876521e+00,4.53131449e+00,2.08713396e+00,9.88721794e-01,2.12878515e+00,-3.82020700e+00,-5.61966980e+00,7.74286450e+00,6.64445233e+00,6.22866042e-01,1.02127821e+00,-3.28725068e-01,9.51591110e-01,3.42821836e+02,3.64287188e+00,5.56836725e-01,4.64441481e-01,-3.02829806e+00,-1.82228802e+00,1.37207136e+03,1.04217220e+00,1.45725782e+03,-2.73131784e+00,1.45835784e+03,-3.83134268e+00
"2009Q2",8.64176000e+05,9.26300000e+01,2.58900000e+01,2.32000000e+00,2.06877580e+06,1.07980000e+02,1.31000000e+00,3.00000000e+00,9.22751446e+01,4.52477482e+02,4.68194602e+02,4.52861306e+02,1.36695317e+03,1.45424676e+03,3.25385679e+02,3.41102800e+02,-4.47350347e-02,8.90043015e-01,2.15971065e-01,-2.28742428e+00,-1.11896086e+00,-2.23824104e+01,-2.14476324e+01,1.39649938e+00,1.57560624e-01,1.42432416e+00,-5.62521307e+00,-5.49894976e+00,7.99783348e+00,6.75889472e+00,9.23500615e-01,1.15243938e+00,-3.45730145e-01,1.26923076e+00,3.42134077e+02,-1.03127657e+00,4.40074638e-01,7.12364738e-01,-2.75103858e+00,-3.34289719e+00,1.37225161e+03,7.20982529e-01,1.45728168e+03,-3.03492088e+00,1.45850602e+03,-4.25925997e+00
"2009Q3",8.67646000e+05,9.20900000e+01,2.51700000e+01,1.96000000e+00,2.07667220e+06,1.08180000e+02,8.70000000e-01,3.00000000e+00,9.21289583e+01,4.52318932e+02,4.68379651e+02,4.52276636e+02,1.36735391e+03,1.45462773e+03,3.22565281e+02,3.38626000e+02,-6.34199981e-01,7.40192661e-01,-2.33868141e+00,1.60293824e+00,1.52387092e+00,-1.12815938e+01,-9.90720120e+00,2.23185714e-01,-3.87490106e-01,1.73894186e-01,-5.35751460e+00,-4.50944240e+00,2.00648786e+00,1.39581204e+00,1.73681429e+00,1.25749011e+00,-3.69108652e-01,2.10592294e+00,3.41517848e+02,-2.89184847e+00,3.12107051e-01,9.45383054e-01,-2.46491360e+00,-3.82606074e+00,1.37235991e+03,4.33235728e-01,1.45729936e+03,-2.67163514e+00,1.45864497e+03,-4.01724263e+00
"2009Q4",8.72924000e+05,9.18200000e+01,2.64700000e+01,1.77000000e+00,2.08633160e+06,1.08440000e+02,7.20000000e-01,3.00000000e+00,9.24504877e+01,4.52667323e+02,4.68619702e+02,4.51983014e+02,1.36796038e+03,1.45509179e+03,3.27601202e+02,3.43553581e+02,1.39356693e+00,9.60207275e-01,-1.17448836e+00,2.42587942e+00,1.85623993e+00,2.01436828e+01,1.97103232e+01,4.52730842e-01,3.97320920e-01,4.47525716e-01,-3.00639289e+00,-2.31263149e+00,-1.72288906e+00,-1.77829898e+00,1.31726916e+00,3.22679080e-01,-4.00729380e-01,1.71799854e+00,3.40974723e+02,2.57885765e+00,1.75422035e-01,1.47257045e-01,-2.17250132e+00,-3.29877716e+00,1.37240566e+03,1.82995827e-01,1.45731477e+03,-2.22298233e+00,1.45877444e+03,-3.68265755e+00
"2010Q1",8.77280000e+05,9.31300000e+01,2.54500000e+01,1.50000000e+00,2.09467890e+06,1.09000000e+02,6.60000000e-01,2.00000000e+00,9.28044502e+01,4.53049459e+02,4.69134788e+02,4.53399637e+02,1.36845815e+03,1.45549108e+03,3.23671574e+02,3.39756903e+02,1.52854409e+00,2.06034304e+00,5.66649108e+00,1.99108629e+00,1.59718539e+00,-1.57185093e+01,-1.51867103e+01,5.60794001e-01,1.16269650e+00,5.92323093e-01,9.33119919e-01,9.64583842e-01,-7.30970769e+00,-6.70780519e+00,9.39205999e-01,-5.02696498e-01,-4.41144916e-01,1.38035092e+00,3.40504465e+02,-7.47562095e-01,3.30985212e-02,-5.35795019e-01,-1.88103136e+00,-2.19863675e+00,1.37239904e+03,-2.65119573e-02,1.45733014e+03,-1.83905459e+00,1.45889168e+03,-3.40060101e+00
"2010Q2",8.86970000e+05,9.36800000e+01,2.57000000e+01,1.31000000e+00,2.11368490e+06,1.09680000e+02,6.90000000e-01,2.00000000e+00,9.33037302e+01,4.53586009e+02,4.69756704e+02,4.53988472e+02,1.36955664e+03,1.45639434e+03,3.24649099e+02,3.40819794e+02,2.14619760e+00,2.48766121e+00,2.35534110e+00,4.39397928e+00,3.61302019e+00,3.91009956e+00,4.25156317e+00,1.10852716e+00,1.56210105e+00,1.12716560e+00,2.60347081e+00,2.14757910e+00,-7.36580186e-01,-2.83006301e-01,2.01472839e-01,-8.72101046e-01,-4.89834102e-01,6.91306941e-01,3.40108451e+02,7.11342839e-01,-1.11692520e-01,-7.60408526e-01,-1.58405657e+00,-1.05864669e+00,1.37235080e+03,-1.92960278e-01,1.45734631e+03,-9.51976462e-01,1.45899163e+03,-2.59728943e+00
"2010Q3",8.92303000e+05,9.38100000e+01,2.46100000e+01,1.23000000e+00,2.12200610e+06,1.10050000e+02,8.70000000e-01,2.00000000e+00,9.39092184e+01,4.54232855e+02,4.70093481e+02,4.54127146e+02,1.37015610e+03,1.45678725e+03,3.20315286e+02,3.36175912e+02,2.58738655e+00,1.34710909e+00,5.54696339e-01,2.39784045e+00,1.57163697e+00,-1.73352510e+01,-1.85755285e+01,1.91392379e+00,1.71383015e+00,1.85051004e+00,2.80219636e+00,2.15952062e+00,-2.24999447e+00,-2.45008812e+00,-6.83923794e-01,-8.43830153e-01,-5.45413058e-01,-1.38510737e-01,3.39787590e+02,-3.61167781e+00,-2.56114993e-01,-5.87715160e-01,-1.28344586e+00,-2.07717954e-01,1.37227206e+03,-3.14956355e-01,1.45736300e+03,-5.75749935e-01,1.45906709e+03,-2.27984067e+00
"2010Q4",8.97496000e+05,9.36600000e+01,2.50600000e+01,1.21000000e+00,2.13347230e+06,1.10600000e+02,1.02000000e+00,2.00000000e+00,9.42750253e+01,4.54621631e+02,4.70592009e+02,4.53967120e+02,1.37073639e+03,1.45732614e+03,3.22127295e+02,3.38097673e+02,1.55510299e+00,1.99411245e+00,-6.40102553e-01,2.32116101e+00,2.15557015e+00,7.24803403e+00,7.68704349e+00,1.95430781e+00,1.97230645e+00,1.98410649e+00,2.77601676e+00,2.23435317e+00,-5.47390668e+00,-5.45590804e+00,-7.44307808e-01,-9.52306446e-01,-6.06065836e-01,-1.38241972e-01,3.39543234e+02,-1.44556173e+00,-3.97808055e-01,-5.54498391e-01,-9.77420868e-01,3.27283186e-01,1.37217404e+03,-3.92055511e-01,1.45737929e+03,-5.31483948e-02,1.45910926e+03,-1.78311569e+00
"2011Q1",9.03468000e+05,9.47600000e+01,2.45400000e+01,1.21000000e+00,2.15021620e+06,1.11730000e+02,1.09000000e+00,2.00000000e+00,9.44089049e+01,4.54763540e+02,4.71608525e+02,4.55134738e+02,1.37139960e+03,1.45810790e+03,3.20030444e+02,3.36875429e+02,5.67635523e-01,4.06606299e+00,4.67047021e+00,2.65281122e+00,3.12702201e+00,-8.38740407e+00,-4.88897661e+00,1.71408067e+00,2.47373643e+00,1.73510128e+00,2.94144799e+00,2.61681233e+00,-3.64113037e+00,-2.88147461e+00,-5.04080667e-01,-1.38373643e+00,-6.70063061e-01,1.65982394e-01,3.39374482e+02,-2.49905318e+00,-5.34778187e-01,-8.48958246e-01,-6.75010796e-01,7.01433010e-01,1.37206785e+03,-4.24751432e-01,1.45739393e+03,7.13965184e-01,1.45910790e+03,-1.00000000e+00
"2011Q2",9.05456000e+05,9.53400000e+01,2.43500000e+01,1.21000000e+00,2.15115740e+06,1.12650000e+02,1.41000000e+00,2.00000000e+00,9.49660373e+01,4.55351933e+02,4.72428567e+02,4.55744945e+02,1.37161940e+03,1.45815166e+03,3.19253185e+02,3.36329819e+02,2.35357029e+00,3.28016813e+00,2.44082819e+00,8.79197048e-01,1.75051061e-01,-3.10903590e+00,-2.18243807e+00,1.76592384e+00,2.67186316e+00,1.75647305e+00,2.06275243e+00,1.75732005e+00,-5.39591424e+00,-4.48997491e+00,-5.55923839e-01,-1.26186316e+00,-7.35761757e-01,1.79837918e-01,3.39279524e+02,-2.94970531e+00,-6.65378431e-01,-5.96484732e-01,-3.79829544e-01,1.04780463e+00,1.37196424e+03,-4.14443640e-01,1.45740563e+03,7.46025669e-01,1.45905166e+03,-9.00000000e-01
"2011Q3",9.05804000e+05,9.54500000e+01,2.47600000e+01,1.18000000e+00,2.15210410e+06,1.13030000e+02,1.56000000e+00,2.00000000e+00,9.55813786e+01,4.55997802e+02,4.72765327e+02,4.55860255e+02,1.37165782e+03,1.45819566e+03,3.20922945e+02,3.37690470e+02,2.58347637e+00,1.34704133e+00,4.61240158e-01,1.53705157e-01,1.75996744e-01,6.67903932e+00,5.44260428e+00,1.76494629e+00,2.67184622e+00,1.73310900e+00,1.50171861e+00,1.40840999e+00,6.07658341e-01,1.51455827e+00,-5.84946292e-01,-1.11184622e+00,-8.01415208e-01,2.16468916e-01,3.39254993e+02,-1.56452305e+00,-7.88492426e-01,-3.23353797e-01,-9.81247467e-02,1.35164632e+00,1.37187340e+03,-3.63383293e-01,1.45741355e+03,7.82106564e-01,1.45949566e+03,-1.30000000e+00
"2011Q4",9.04265000e+05,9.59100000e+01,2.58000000e+01,1.16000000e+00,2.14746150e+06,1.13820000e+02,1.50000000e+00,2.00000000e+00,9.65077267e+01,4.56962308e+02,4.73461825e+02,4.56341025e+02,1.37148777e+03,1.45797970e+03,3.25037449e+02,3.41536967e+02,3.85802327e+00,2.78599319e+00,1.92308063e+00,-6.80195228e-01,-8.63827137e-01,1.64580176e+01,1.53859876e+01,2.34067636e+00,2.86981641e+00,2.37390480e+00,7.51379550e-01,6.53560669e-01,2.91015425e+00,3.43929429e+00,-1.18067636e+00,-1.36981641e+00,-8.65164301e-01,-3.15512063e-01,3.39295676e+02,2.24129150e+00,-9.03376618e-01,-4.66439791e-01,1.62729334e-01,1.47372555e+00,1.37180475e+03,-2.74599007e-01,1.45741731e+03,5.62393553e-01,1.45957970e+03,-1.60000000e+00
"2012Q1",9.00998000e+05,9.82500000e+01,2.47300000e+01,1.20000000e+00,2.14592170e+06,1.14770000e+02,1.04000000e+00,2.00000000e+00,9.78873578e+01,4.58381741e+02,4.74293013e+02,4.58751525e+02,1.37112583e+03,1.45790797e+03,3.20801708e+02,3.36712980e+02,5.67773284e+00,3.32474901e+00,9.64199960e+00,-1.44776847e+00,-2.86915934e-01,-1.69429642e+01,-1.92959480e+01,3.61820069e+00,2.68448791e+00,3.61678715e+00,-2.73765374e-01,-1.99923817e-01,7.71264225e-01,-1.62448555e-01,-2.41820069e+00,-1.64448791e+00,-9.25014629e-01,-1.49318606e+00,3.39395381e+02,-2.68240084e+00,-1.00948954e+00,-6.34998369e-01,3.98821390e-01,1.27424373e+00,1.37176680e+03,-1.51804921e-01,1.45741701e+03,4.90959670e-01,1.45990797e+03,-2.00000000e+00
"2012Q2",8.97570000e+05,9.86000000e+01,2.56400000e+01,1.23000000e+00,2.14006650e+06,1.15380000e+02,7.00000000e-01,2.00000000e+00,9.82136272e+01,4.58714498e+02,4.74823103e+02,4.59107126e+02,1.37074464e+03,1.45763475e+03,3.24415363e+02,3.40523969e+02,1.33102733e+00,2.12036125e+00,1.42240434e+00,-1.52477044e+00,-1.09290150e+00,1.44546202e+01,1.52439541e+01,3.36256495e+00,2.39453620e+00,3.36218118e+00,-8.74757245e-01,-5.16911956e-01,5.16217825e+00,4.19414949e+00,-2.13256495e+00,-1.69453620e+00,-9.79168981e-01,-1.15339597e+00,3.39549320e+02,9.74649028e-01,-1.10658127e+00,-5.87954923e-01,6.15754650e-01,7.31357739e-01,1.37176697e+03,7.06301208e-04,1.45741313e+03,2.21618488e-01,1.45973475e+03,-2.10000000e+00
"2012Q3",8.94737000e+05,9.85600000e+01,2.48700000e+01,9.80000000e-01,2.13661640e+06,1.15940000e+02,3.60000000e-01,2.00000000e+00,9.87229641e+01,4.59231758e+02,4.75307282e+02,4.59066550e+02,1.37042851e+03,1.45747340e+03,3.21366226e+02,3.37441749e+02,2.06904377e+00,1.93671483e+00,-1.62304729e-01,-1.26451656e+00,-6.45378828e-01,-1.21965497e+01,-1.23288786e+01,3.23395680e+00,2.54195457e+00,3.20629496e+00,-1.22931268e+00,-7.22255849e-01,4.43281000e-01,-2.48721233e-01,-2.25395680e+00,-2.18195457e+00,-1.02676339e+00,-1.22719342e+00,3.39751025e+02,-2.30927641e+00,-1.19479874e+00,-9.87155832e-01,8.06823112e-01,-2.31040910e-02,1.37181152e+03,1.78182476e-01,1.45740642e+03,6.69779785e-02,1.45977340e+03,-2.30000000e+00
"2012Q4",8.91708000e+05,9.86200000e+01,2.51400000e+01,5.80000000e-01,2.12555410e+06,1.16420000e+02,2.00000000e-01,2.00000000e+00,9.92096250e+01,4.59723504e+02,4.75720434e+02,4.59127408e+02,1.37008940e+03,1.45695431e+03,3.22446020e+02,3.38442951e+02,1.96698040e+00,1.65261037e+00,2.43432404e-01,-1.35643825e+00,-2.07637397e+00,4.31917814e+00,4.00480811e+00,2.76119609e+00,2.25860887e+00,2.78638291e+00,-1.39837343e+00,-1.02539256e+00,-2.59142888e+00,-3.09401610e+00,-2.18119609e+00,-2.05860887e+00,-1.06765475e+00,-1.11354134e+00,3.39994641e+02,-1.55169023e+00,-1.27465635e+00,-7.83952512e-01,9.74463399e-01,-7.58005777e-01,1.37190540e+03,3.75539548e-01,1.45739781e+03,-4.43498905e-01,1.45965431e+03,-2.70000000e+00
"2013Q1",8.80154000e+05,9.99600000e+01,2.57400000e+01,5.00000000e-01,2.12101830e+06,1.16890000e+02,2.10000000e-01,2.00000000e+00,9.95882282e+01,4.60104397e+02,4.76123332e+02,4.60477011e+02,1.36878522e+03,1.45674069e+03,3.24804620e+02,3.40823556e+02,1.52357226e+00,1.61159191e+00,5.39841007e+00,-5.21673303e+00,-8.54487111e-01,9.43439960e+00,9.52241925e+00,1.72265594e+00,1.83031959e+00,1.72548552e+00,-2.34061457e+00,-1.16728535e+00,4.00291206e+00,4.11057572e+00,-1.22265594e+00,-1.62031959e+00,-1.10246696e+00,-1.20188979e-01,3.40272867e+02,5.50689004e-01,-1.34728550e+00,-2.73034090e-01,1.11290232e+00,-1.24259482e+00,1.37205228e+03,5.87494333e-01,1.45738823e+03,-6.47541122e-01,1.45974069e+03,-3.00000000e+00
"2013Q2",8.82935000e+05,1.00110000e+02,2.59500000e+01,4.60000000e-01,2.12770160e+06,1.16960000e+02,2.10000000e-01,2.00000000e+00,9.97236575e+01,4.60240294e+02,4.76183200e+02,4.60626958e+02,1.36910069e+03,1.45705529e+03,3.25617161e+02,3.41560067e+02,5.43587757e-01,2.39469753e-01,5.99790186e-01,1.26187722e+00,1.25841301e+00,3.25016298e+00,2.94604497e+00,1.52579605e+00,1.36009672e+00,1.51983198e+00,-1.64395265e+00,-5.79456723e-01,1.20179776e+00,1.03609843e+00,-1.06579605e+00,-1.15009672e+00,-1.13251989e+00,6.67238437e-02,3.40577432e+02,9.82635085e-01,-1.41430754e+00,2.64210819e-01,1.21826065e+00,-1.33802685e+00,1.37225445e+03,8.08698715e-01,1.45737836e+03,-3.23067627e-01,1.46025529e+03,-3.20000000e+00
"2013Q3",8.85932000e+05,9.98300000e+01,2.57400000e+01,4.60000000e-01,2.13068510e+06,1.17490000e+02,2.20000000e-01,2.00000000e+00,1.00002427e+02,4.60519445e+02,4.76635322e+02,4.60346874e+02,1.36943955e+03,1.45719541e+03,3.24804620e+02,3.40920497e+02,1.11660623e+00,1.80849103e+00,-1.12033683e+00,1.35544521e+00,5.60494046e-01,-3.25016298e+00,-2.55827818e+00,1.28768666e+00,1.32804077e+00,1.28032396e+00,-9.88962212e-01,-2.77988505e-01,3.43839444e+00,3.47874854e+00,-8.27686663e-01,-1.10804077e+00,-1.15920851e+00,3.31521852e-01,3.40900411e+02,2.00867643e-02,-1.47751445e+00,3.69473688e-01,1.29191511e+00,-1.04636763e+00,1.37251292e+03,1.03387168e+00,1.45736846e+03,-1.73050750e-01,1.46059541e+03,-3.40000000e+00
"2013Q4",9.02098000e+05,9.97600000e+01,2.74300000e+01,4.10000000e-01,2.13561750e+06,1.17370000e+02,2.40000000e-01,2.00000000e+00,1.00351189e+02,4.60867592e+02,4.76533134e+02,4.60276730e+02,1.37124784e+03,1.45742664e+03,3.31163730e+02,3.46829272e+02,1.39258744e+00,-4.08754187e-01,-2.80575191e-01,7.23318535e+00,9.24904332e-01,2.54364411e+01,2.36350995e+01,1.14408842e+00,8.12699627e-01,1.14932206e+00,1.15844369e+00,4.72331070e-01,8.71771018e+00,8.38632138e+00,-7.34088422e-01,-5.72699627e-01,-1.18388611e+00,4.49797689e-01,3.41234491e+02,5.59478107e+00,-1.53853313e+00,9.65833499e-01,1.33632228e+00,-5.04148847e-01,1.37282740e+03,1.25792570e+00,1.45735861e+03,6.80261833e-02,1.46102664e+03,-3.60000000e+00
"2014Q1",NaN,1.00160000e+02,2.74400000e+01,3.70000000e-01,NaN,1.17630000e+02,3.00000000e-01,2.00000000e+00,9.97813923e+01,4.60298172e+02,4.76754410e+02,4.60676891e+02,NaN,NaN,3.31200180e+02,3.47656419e+02,-2.27768174e+00,8.85106744e-01,1.60064239e+00,NaN,NaN,1.45799163e-01,3.30858764e+00,1.93774921e-01,6.31078335e-01,1.99880139e-01,NaN,NaN,6.39556007e+00,6.83286348e+00,1.76225079e-01,-3.31078335e-01,-1.20769875e+00,1.38392383e+00,3.41572374e+02,6.08404488e+00,-1.59875950e+00,1.26768116e+00,1.35153240e+00,NaN,NaN,NaN,NaN,NaN,NaN,NaN